CLIENT,NAME,PRODUCT_TYPE,ACTION,ACTION.1,DATE_TRANSACTION,QTY,UNIT_PRICE,ISIN_CODE,STOCK_LIBELLE,CURRENCY,TOTAL_AMOUNT,ACTION_TYPE,'CHF_'||CURRENCY,RATE_EUR,RATE_USD,StockFeature_address1,StockFeature_city,StockFeature_state,StockFeature_zip,StockFeature_country,StockFeature_phone,StockFeature_fax,StockFeature_website,StockFeature_industry,StockFeature_industryKey,StockFeature_industryDisp,StockFeature_sector,StockFeature_sectorKey,StockFeature_sectorDisp,StockFeature_longBusinessSummary,StockFeature_fullTimeEmployees,StockFeature_companyOfficers,StockFeature_auditRisk,StockFeature_boardRisk,StockFeature_compensationRisk,StockFeature_shareHolderRightsRisk,StockFeature_overallRisk,StockFeature_governanceEpochDate,StockFeature_compensationAsOfEpochDate,StockFeature_maxAge,StockFeature_priceHint,StockFeature_previousClose,StockFeature_open,StockFeature_dayLow,StockFeature_dayHigh,StockFeature_regularMarketPreviousClose,StockFeature_regularMarketOpen,StockFeature_regularMarketDayLow,StockFeature_regularMarketDayHigh,StockFeature_dividendRate,StockFeature_dividendYield,StockFeature_exDividendDate,StockFeature_payoutRatio,StockFeature_fiveYearAvgDividendYield,StockFeature_beta,StockFeature_trailingPE,StockFeature_forwardPE,StockFeature_volume,StockFeature_regularMarketVolume,StockFeature_averageVolume,StockFeature_averageVolume10days,StockFeature_averageDailyVolume10Day,StockFeature_bid,StockFeature_ask,StockFeature_bidSize,StockFeature_askSize,StockFeature_marketCap,StockFeature_fiftyTwoWeekLow,StockFeature_fiftyTwoWeekHigh,StockFeature_priceToSalesTrailing12Months,StockFeature_fiftyDayAverage,StockFeature_twoHundredDayAverage,StockFeature_trailingAnnualDividendRate,StockFeature_trailingAnnualDividendYield,StockFeature_currency,StockFeature_enterpriseValue,StockFeature_profitMargins,StockFeature_floatShares,StockFeature_sharesOutstanding,StockFeature_sharesShort,StockFeature_sharesShortPriorMonth,StockFeature_sharesShortPreviousMonthDate,StockFeature_dateShortInterest,StockFeature_sharesPercentSharesOut,StockFeature_heldPercentInsiders,StockFeature_heldPercentInstitutions,StockFeature_shortRatio,StockFeature_shortPercentOfFloat,StockFeature_impliedSharesOutstanding,StockFeature_bookValue,StockFeature_priceToBook,StockFeature_lastFiscalYearEnd,StockFeature_nextFiscalYearEnd,StockFeature_mostRecentQuarter,StockFeature_earningsQuarterlyGrowth,StockFeature_netIncomeToCommon,StockFeature_trailingEps,StockFeature_forwardEps,StockFeature_pegRatio,StockFeature_lastSplitFactor,StockFeature_lastSplitDate,StockFeature_enterpriseToRevenue,StockFeature_enterpriseToEbitda,StockFeature_52WeekChange,StockFeature_SandP52WeekChange,StockFeature_lastDividendValue,StockFeature_lastDividendDate,StockFeature_exchange,StockFeature_quoteType,StockFeature_symbol,StockFeature_underlyingSymbol,StockFeature_shortName,StockFeature_longName,StockFeature_firstTradeDateEpochUtc,StockFeature_timeZoneFullName,StockFeature_timeZoneShortName,StockFeature_uuid,StockFeature_messageBoardId,StockFeature_gmtOffSetMilliseconds,StockFeature_currentPrice,StockFeature_targetHighPrice,StockFeature_targetLowPrice,StockFeature_targetMeanPrice,StockFeature_targetMedianPrice,StockFeature_recommendationMean,StockFeature_recommendationKey,StockFeature_numberOfAnalystOpinions,StockFeature_totalCash,StockFeature_totalCashPerShare,StockFeature_ebitda,StockFeature_totalDebt,StockFeature_quickRatio,StockFeature_currentRatio,StockFeature_totalRevenue,StockFeature_debtToEquity,StockFeature_revenuePerShare,StockFeature_returnOnAssets,StockFeature_returnOnEquity,StockFeature_grossProfits,StockFeature_freeCashflow,StockFeature_operatingCashflow,StockFeature_earningsGrowth,StockFeature_revenueGrowth,StockFeature_grossMargins,StockFeature_ebitdaMargins,StockFeature_operatingMargins,StockFeature_financialCurrency,StockFeature_trailingPegRatio,StockFeature_address2
186082.0964675591,COMMERZBANK ORD,SHARE,Buy,B,2017-05-11 09:28:35,0.943062463125558,11.29860043377751,DE000CBK1001,Germany,EUR,11.8748630094426,Trading,CHF_EUR,1.1371134573810957,1.1353661324793494,,,,,,,,,,,,,,,,,,,,,,,,,111958.70457060768,,,,,,,,,,,,,,,,,,,,,,,,,,,,,,,,,,,,,,,,,,,,,,,,,,,,,,,,,,,,,,,,,,,,,NONE,CBK,CBK,,,,,,fd3a08fd-ff74-3a73-87a1-db7b12d03474,,,,,,,,,,,,,,,,,,,,,,,,,,,,,,,,
195328.062498816,BNP PARIBAS ACT.A ORD,SHARE,Buy,B,2004-06-01 15:46:44,10.238021866589028,44.24751924111696,FR0000131104,Euronext Paris,EUR,389.83533665150986,Trading,CHF_EUR,0.9721291034785146,1.0110123822385575,,,,,,,,,,,,,,,,,,,,,,,,,80515.07199296204,,,,,,,,,,,,,,,,,,,,,,,,,,,,,,,,,,,,,,,,,,,,,,,,,,,,,,,,,,,,,,,,,,,,YHD,MUTUALFUND,BNP,BNP,14831,,826955877.024857,America/New_York,EST,9db3753c-90d6-38a4-9c0d-a47853e39654,,-17365081.705960426,,,,,,,,,,,,,,,,,,,,,,,,,,,,,,
209415.0004167581,CISCO SYSTEMS ORD,SHARE,Sell,S,2004-05-03 18:44:07,4.525592215036427,14.1626639148223,US17275R1023,NASDAQ New York,USD,57.46373833630427,Trading,CHF_USD,1.0654424244856338,0.8723956067022194,170 West Tasman Drive,San Jose,CA,95134-1706,United States,(408) 526-4000,(408) 853-3683,https://www.cisco.com,Communication Equipment,communication-equipment,Communication Equipment,Technology,technology,Technology,"Cisco Systems, Inc. designs, manufactures, and sells Internet Protocol based networking and other products related to the communications and information technology industry in the Americas, Europe, the Middle East, Africa, the Asia Pacific, Japan, and China. The company also offers switching portfolio encompasses campus switching as well as data center switching; enterprise routing portfolio interconnects public and private wireline and mobile networks, delivering highly secure, and reliable connectivity to campus, data center and branch networks; wireless products include wireless access points and controllers; and compute portfolio including the cisco unified computing system, hyperflex, and software management capabilities, which combine computing, networking, and storage infrastructure management and virtualization. In addition, it provides Internet for the future product consists of routed optical networking, 5G, silicon, and optics solutions; collaboration products, such as meetings, collaboration devices, calling, contact center, and communication platform as a service; end-to-end security product consists of network security, cloud security, security endpoints, unified threat management, and zero trust; and optimized application experiences products including full stack observability and network assurance. Further, the company offers a range of service and support options for its customers, including technical support and advanced services and advisory services. It serves businesses of various sizes, public institutions, governments, and service providers. The company sells its products and services directly, as well as through systems integrators, service providers, other resellers, and distributors. Cisco Systems, Inc. has strategic alliances with other companies. Cisco Systems, Inc. was incorporated in 1984 and is headquartered in San Jose, California.",81479.69692851492,"[{'maxAge': 1, 'name': 'Mr. Charles H. Robbins', 'age': 56, 'title': 'Chairman & CEO', 'yearBorn': 1966, 'fiscalYear': 2023, 'totalPay': 7734729, 'exercisedValue': 0, 'unexercisedValue': 0}, {'maxAge': 1, 'name': 'Mr. Richard Scott Herren', 'age': 60, 'title': 'Executive VP & CFO', 'yearBorn': 1962, 'fiscalYear': 2023, 'totalPay': 3347153, 'exercisedValue': 0, 'unexercisedValue': 0}, {'maxAge': 1, 'name': 'Ms. Maria N. Martinez', 'age': 64, 'title': 'Executive VP & COO', 'yearBorn': 1958, 'fiscalYear': 2023, 'totalPay': 3294677, 'exercisedValue': 0, 'unexercisedValue': 0}, {'maxAge': 1, 'name': 'Ms. Deborah L. Stahlkopf', 'age': 52, 'title': 'Executive VP, Chief Legal Officer & Chief Compliance Officer', 'yearBorn': 1970, 'fiscalYear': 2023, 'totalPay': 2679239, 'exercisedValue': 0, 'unexercisedValue': 0}, {'maxAge': 1, 'name': 'Mr. Jeffery S. Sharritts', 'age': 53, 'title': 'Executive VP and Chief Customer & Partner Officer', 'yearBorn': 1969, 'fiscalYear': 2023, 'totalPay': 3035045, 'exercisedValue': 0, 'unexercisedValue': 0}, {'maxAge': 1, 'name': 'Ms. M. Victoria Wong', 'age': 55, 'title': 'Senior VP & Chief Accounting Officer', 'yearBorn': 1967, 'fiscalYear': 2023, 'exercisedValue': 0, 'unexercisedValue': 0}, {'maxAge': 1, 'name': 'Mr. Andrew  Ashton', 'title': 'Senior Vice President of Corporate Finance', 'fiscalYear': 2023, 'exercisedValue': 0, 'unexercisedValue': 0}, {'maxAge': 1, 'name': 'Mr. Fletcher  Previn', 'title': 'Senior VP & Chief Information Officer', 'fiscalYear': 2023, 'exercisedValue': 0, 'unexercisedValue': 0}, {'maxAge': 1, 'name': 'Ms. Marilyn  Mora', 'title': 'Director of Global Investor Relations', 'fiscalYear': 2023, 'exercisedValue': 0, 'unexercisedValue': 0}, {'maxAge': 1, 'name': 'Ms. Maria  Poveromo', 'title': 'Senior VP & Chief Communications Officer', 'fiscalYear': 2023, 'exercisedValue': 0, 'unexercisedValue': 0}]",1.5850646391823002,6.910014945536669,2.49456795496983,0.9520338906252741,0.9842059203977517,1768462623.2110271,1746735343.5077183,99686.6726653212,1.928879811822218,45.73972911125048,54.40945293008346,55.49381198171913,44.623981890164366,40.02384876992551,43.06287083273731,47.95122428093401,60.89937762606466,1.6104161680094726,0.029617174947163222,1360294741.6526895,0.49177101763799624,3.2862580665104866,0.8763547065024794,12.914702122107698,14.288790086126129,17319598.950130556,18062964.97952436,18737769.125453718,18487212.64209504,19531906.34338209,42.28829913446537,35.986104629064364,2892.062322370293,4446.659377148443,189072738720.80197,46.84877931637806,58.0626234781005,3.3147600487017845,56.42382053478862,50.40039924321714,1.551505924579704,0.025125692679302657,USD,209059311072.1745,0.2614094388922499,3220715275.2060633,4357970604.449304,44217228.554460354,37574477.87347602,1653879494.254317,1789106194.0892334,0.013955332858133062,0.0007486426294686972,0.7766744863164109,3.7760192382937454,0.008891542922353467,4031521899.794326,11.882176151469256,4.019424535127628,1615646126.661028,1891104922.3705914,1775996263.0034943,0.2715386292731918,11986289784.685349,3.217206626437627,4.452503337925359,1.58087282872825,2:1,699573967.6005988,3.0939498594874526,8.383810536231499,-0.020314423914673394,0.14269661639864703,0.4368708160249846,1518861688.8638756,NMS,EQUITY,CSCO,CSCO,"Cisco Systems, Inc.","Cisco Systems, Inc.",858247620.9575943,America/New_York,EST,85fd1bb0-e226-3a6a-b3e9-b5dc1a4952f1,finmb_19691,-20726093.026906166,52.06323199588489,69.53640904321358,40.245868287493515,53.41189973765155,45.37096379087492,2.273892141647785,hold,12.035233249704383,24876174866.00838,5.610161621214917,14324930840.407715,7826121249.266263,1.0470929332785777,1.417978733747228,46949902781.65999,23.062741821428613,14.298640235065882,0.11874093697347667,0.452365721105156,36417151676.40162,14861879555.556395,16538697876.743967,0.3705813430875274,0.07233912924741583,0.5349516848956215,0.27065222875875716,0.25508205774317116,USD,3.6790681181706817,
209415.0004167581,CISCO SYSTEMS ORD,SHARE,Sell,S,2004-08-22 18:44:07,4.525592215036427,14.1626639148223,US17275R1023,NASDAQ New York,USD,57.46373833630427,Trading,CHF_USD,1.0654424244856338,0.8723956067022194,170 West Tasman Drive,San Jose,CA,95134-1706,United States,(408) 526-4000,(408) 853-3683,https://www.cisco.com,Communication Equipment,communication-equipment,Communication Equipment,Technology,technology,Technology,"Cisco Systems, Inc. designs, manufactures, and sells Internet Protocol based networking and other products related to the communications and information technology industry in the Americas, Europe, the Middle East, Africa, the Asia Pacific, Japan, and China. The company also offers switching portfolio encompasses campus switching as well as data center switching; enterprise routing portfolio interconnects public and private wireline and mobile networks, delivering highly secure, and reliable connectivity to campus, data center and branch networks; wireless products include wireless access points and controllers; and compute portfolio including the cisco unified computing system, hyperflex, and software management capabilities, which combine computing, networking, and storage infrastructure management and virtualization. In addition, it provides Internet for the future product consists of routed optical networking, 5G, silicon, and optics solutions; collaboration products, such as meetings, collaboration devices, calling, contact center, and communication platform as a service; end-to-end security product consists of network security, cloud security, security endpoints, unified threat management, and zero trust; and optimized application experiences products including full stack observability and network assurance. Further, the company offers a range of service and support options for its customers, including technical support and advanced services and advisory services. It serves businesses of various sizes, public institutions, governments, and service providers. The company sells its products and services directly, as well as through systems integrators, service providers, other resellers, and distributors. Cisco Systems, Inc. has strategic alliances with other companies. Cisco Systems, Inc. was incorporated in 1984 and is headquartered in San Jose, California.",97582.66265944345,"[{'maxAge': 1, 'name': 'Mr. Charles H. Robbins', 'age': 56, 'title': 'Chairman & CEO', 'yearBorn': 1966, 'fiscalYear': 2023, 'totalPay': 7734729, 'exercisedValue': 0, 'unexercisedValue': 0}, {'maxAge': 1, 'name': 'Mr. Richard Scott Herren', 'age': 60, 'title': 'Executive VP & CFO', 'yearBorn': 1962, 'fiscalYear': 2023, 'totalPay': 3347153, 'exercisedValue': 0, 'unexercisedValue': 0}, {'maxAge': 1, 'name': 'Ms. Maria N. Martinez', 'age': 64, 'title': 'Executive VP & COO', 'yearBorn': 1958, 'fiscalYear': 2023, 'totalPay': 3294677, 'exercisedValue': 0, 'unexercisedValue': 0}, {'maxAge': 1, 'name': 'Ms. Deborah L. Stahlkopf', 'age': 52, 'title': 'Executive VP, Chief Legal Officer & Chief Compliance Officer', 'yearBorn': 1970, 'fiscalYear': 2023, 'totalPay': 2679239, 'exercisedValue': 0, 'unexercisedValue': 0}, {'maxAge': 1, 'name': 'Mr. Jeffery S. Sharritts', 'age': 53, 'title': 'Executive VP and Chief Customer & Partner Officer', 'yearBorn': 1969, 'fiscalYear': 2023, 'totalPay': 3035045, 'exercisedValue': 0, 'unexercisedValue': 0}, {'maxAge': 1, 'name': 'Ms. M. Victoria Wong', 'age': 55, 'title': 'Senior VP & Chief Accounting Officer', 'yearBorn': 1967, 'fiscalYear': 2023, 'exercisedValue': 0, 'unexercisedValue': 0}, {'maxAge': 1, 'name': 'Mr. Andrew  Ashton', 'title': 'Senior Vice President of Corporate Finance', 'fiscalYear': 2023, 'exercisedValue': 0, 'unexercisedValue': 0}, {'maxAge': 1, 'name': 'Mr. Fletcher  Previn', 'title': 'Senior VP & Chief Information Officer', 'fiscalYear': 2023, 'exercisedValue': 0, 'unexercisedValue': 0}, {'maxAge': 1, 'name': 'Ms. Marilyn  Mora', 'title': 'Director of Global Investor Relations', 'fiscalYear': 2023, 'exercisedValue': 0, 'unexercisedValue': 0}, {'maxAge': 1, 'name': 'Ms. Maria  Poveromo', 'title': 'Senior VP & Chief Communications Officer', 'fiscalYear': 2023, 'exercisedValue': 0, 'unexercisedValue': 0}]",1.9437616853552881,6.089541455062509,2.8250368387730416,0.9213233124136655,1.0004798326353963,1607753158.2422426,2126971268.0029259,96176.1109550622,1.5312536957353713,39.32380374301275,50.42076911945121,55.55009373916848,49.291082253668,48.58043246310971,59.67795518794148,40.21343063733903,51.619926883118104,1.5285704243011502,0.03292407731703839,1753187806.1806903,0.6103874727411587,3.1028044386246676,0.932887776047237,13.90964822145042,15.024650652842558,17900769.52860998,17512650.702220675,18100997.550534844,20156622.237571083,22238591.145209447,46.98886513976806,46.96476597568595,2274.75684351356,3646.0228604786735,168815757199.6114,37.70153717460261,64.64622668620075,4.147552710862349,44.34109211658912,45.6558559336055,1.691697962728117,0.028796272208590795,USD,196909599232.4455,0.3135074120359333,3414046579.0220766,4893915085.82496,44299575.60232786,46599110.06898881,1792281809.133893,1447087821.6614802,0.012386938440298926,0.0008776298863827734,0.6944552976444508,3.0198109056552616,0.008869254778373513,3338537410.9124007,14.822700045447435,3.667176259440514,1640719884.2166305,1905803966.3120852,1833905908.2367222,0.3352363173820099,13089420013.358767,3.212306664363761,4.363244606309801,1.4387748698354936,2:1,767733677.4404594,3.5393017709543124,11.636360913608748,-0.017931695866936808,0.1498527459085857,0.3917469001154904,1779115942.8553703,NMS,EQUITY,CSCO,CSCO,"Cisco Systems, Inc.","Cisco Systems, Inc.",827246789.6366657,America/New_York,EST,85fd1bb0-e226-3a6a-b3e9-b5dc1a4952f1,finmb_19691,-21105054.60168953,39.54988076881706,63.69454211734526,41.137077147758646,43.83213451562208,52.00720110345057,2.5591599990561544,hold,13.968152247453164,27502691013.706333,4.813931672724765,16539405589.885004,7061953282.003576,1.2321416998440249,1.3199107578115168,54225528201.20937,25.443805828122684,15.544344088221221,0.11450890678701381,0.3798104865726332,30450903110.64294,18891913101.142136,17072275508.26939,0.38755876042672194,0.07458146773078281,0.6415549854484076,0.32776761013699734,0.28771386876841654,USD,2.8875947197308878,
188020.94758136504,MAYR MELNHOF KARTON ORD,SHARE,Buy,B,2009-03-17 13:57:28,0.949611625537886,63.98516494884816,AT0000938204,Vienne,EUR,56.98747879989863,Trading,CHF_EUR,0.9748780702013988,1.404317273483537,,,,,,,,,,,,,,,,,,,,,,,,,93257.49671215951,,,,,,,,,,,,,,,,,,,,,,,,,,,,,,,,,,,,,,,,,,,,,,,,,,,,,,,,,,,,,,,,,,,,YHD,MUTUALFUND,MMK,MMK,,,1408074597.8207483,America/New_York,EST,00afc644-9b1d-339f-864e-a2ca3e56af77,,-17648757.595996257,,,,,,,,,,,,,,,,,,,,,,,,,,,,,,
186082.0964675591,COMMERZBANK ORD,SHARE,Buy,B,2015-02-19 09:28:35,0.943062463125558,11.29860043377751,DE000CBK1001,Germany,EUR,11.8748630094426,Trading,CHF_EUR,1.1371134573810957,1.1353661324793494,,,,,,,,,,,,,,,,,,,,,,,,,104431.43062737572,,,,,,,,,,,,,,,,,,,,,,,,,,,,,,,,,,,,,,,,,,,,,,,,,,,,,,,,,,,,,,,,,,,,,NONE,CBK,CBK,,,,,,fd3a08fd-ff74-3a73-87a1-db7b12d03474,,,,,,,,,,,,,,,,,,,,,,,,,,,,,,,,
195328.062498816,BNP PARIBAS ACT.A ORD,SHARE,Buy,B,2005-11-24 15:46:44,10.238021866589028,44.24751924111696,FR0000131104,Euronext Paris,EUR,389.83533665150986,Trading,CHF_EUR,0.9721291034785146,1.0110123822385575,,,,,,,,,,,,,,,,,,,,,,,,,80879.2501370952,,,,,,,,,,,,,,,,,,,,,,,,,,,,,,,,,,,,,,,,,,,,,,,,,,,,,,,,,,,,,,,,,,,,YHD,MUTUALFUND,BNP,BNP,14831,,881133639.4244597,America/New_York,EST,9db3753c-90d6-38a4-9c0d-a47853e39654,,-19212343.220103037,,,,,,,,,,,,,,,,,,,,,,,,,,,,,,
195328.062498816,BNP PARIBAS ACT.A ORD,SHARE,Buy,B,2005-11-16 15:46:44,10.238021866589028,44.24751924111696,FR0000131104,Euronext Paris,EUR,389.83533665150986,Trading,CHF_EUR,0.9721291034785146,1.0110123822385575,,,,,,,,,,,,,,,,,,,,,,,,,76276.29128640439,,,,,,,,,,,,,,,,,,,,,,,,,,,,,,,,,,,,,,,,,,,,,,,,,,,,,,,,,,,,,,,,,,,,YHD,MUTUALFUND,BNP,BNP,14831,,821679671.8389314,America/New_York,EST,9db3753c-90d6-38a4-9c0d-a47853e39654,,-19933934.560666572,,,,,,,,,,,,,,,,,,,,,,,,,,,,,,
186147.75455426835,AXA ORD,SHARE,Sell,S,2018-12-23 15:00:19,1.025188781846295,20.8860391097183,FR0000120628,Germany,EUR,23.18720055168503,Trading,CHF_EUR,1.0456144248037302,1.0945471896176615,,,,,,,,,,,,,,,,,,,,,,,,,64170.19338465959,,,,,,,,,,,,,,,,,,,,,,,,,,,,,,,,,,,,,,,,,,,,,,,,,,,,,,,,,,,,,,,,,,,,,NONE,CS,CS,,,,,,8d7e99c7-3cd5-310a-9aaf-4c9f9a520368,,,,,,,,,,,,,,,,,,,,,,,,,,,,,,,,
220084.2129381599,BNP PARIBAS ACT.A ORD,SHARE,Buy,B,2005-06-26 15:46:44,10.888047099339444,41.527528526928336,FR0000131104,Euronext Paris,EUR,410.912115151286,Trading,CHF_EUR,0.942538994029455,0.934130027681738,,,,,,,,,,,,,,,,,,,,,,,,,94735.59258793134,,,,,,,,,,,,,,,,,,,,,,,,,,,,,,,,,,,,,,,,,,,,,,,,,,,,,,,,,,,,,,,,,,,,YHD,MUTUALFUND,BNP,BNP,14831,,824697879.8775195,America/New_York,EST,9db3753c-90d6-38a4-9c0d-a47853e39654,,-16624693.714081148,,,,,,,,,,,,,,,,,,,,,,,,,,,,,,
195328.062498816,BNP PARIBAS ACT.A ORD,SHARE,Buy,B,2003-06-19 15:46:44,10.238021866589028,44.24751924111696,FR0000131104,Euronext Paris,EUR,389.83533665150986,Trading,CHF_EUR,0.9721291034785146,1.0110123822385575,,,,,,,,,,,,,,,,,,,,,,,,,83973.27983074269,,,,,,,,,,,,,,,,,,,,,,,,,,,,,,,,,,,,,,,,,,,,,,,,,,,,,,,,,,,,,,,,,,,,YHD,MUTUALFUND,BNP,BNP,14831,,755613076.9634564,America/New_York,EST,9db3753c-90d6-38a4-9c0d-a47853e39654,,-20965512.549832482,,,,,,,,,,,,,,,,,,,,,,,,,,,,,,
188020.94758136504,MAYR MELNHOF KARTON ORD,SHARE,Buy,B,2009-04-13 13:57:28,0.949611625537886,63.98516494884816,AT0000938204,Vienne,EUR,56.98747879989863,Trading,CHF_EUR,0.9748780702013988,1.404317273483537,,,,,,,,,,,,,,,,,,,,,,,,,93080.43639119394,,,,,,,,,,,,,,,,,,,,,,,,,,,,,,,,,,,,,,,,,,,,,,,,,,,,,,,,,,,,,,,,,,,,YHD,MUTUALFUND,MMK,MMK,,,1288627668.1837523,America/New_York,EST,00afc644-9b1d-339f-864e-a2ca3e56af77,,-16000145.680536797,,,,,,,,,,,,,,,,,,,,,,,,,,,,,,
188020.94758136504,MAYR MELNHOF KARTON ORD,SHARE,Buy,B,2008-12-29 13:57:28,0.949611625537886,63.98516494884816,AT0000938204,Vienne,EUR,56.98747879989863,Trading,CHF_EUR,0.9748780702013988,1.404317273483537,,,,,,,,,,,,,,,,,,,,,,,,,88023.87772047792,,,,,,,,,,,,,,,,,,,,,,,,,,,,,,,,,,,,,,,,,,,,,,,,,,,,,,,,,,,,,,,,,,,,YHD,MUTUALFUND,MMK,MMK,,,1510350253.4146128,America/New_York,EST,00afc644-9b1d-339f-864e-a2ca3e56af77,,-12650172.606510108,,,,,,,,,,,,,,,,,,,,,,,,,,,,,,
209415.0004167581,CISCO SYSTEMS ORD,SHARE,Sell,S,2002-10-02 18:44:07,4.525592215036427,14.1626639148223,US17275R1023,NASDAQ New York,USD,57.46373833630427,Trading,CHF_USD,1.0654424244856338,0.8723956067022194,170 West Tasman Drive,San Jose,CA,95134-1706,United States,(408) 526-4000,(408) 853-3683,https://www.cisco.com,Communication Equipment,communication-equipment,Communication Equipment,Technology,technology,Technology,"Cisco Systems, Inc. designs, manufactures, and sells Internet Protocol based networking and other products related to the communications and information technology industry in the Americas, Europe, the Middle East, Africa, the Asia Pacific, Japan, and China. The company also offers switching portfolio encompasses campus switching as well as data center switching; enterprise routing portfolio interconnects public and private wireline and mobile networks, delivering highly secure, and reliable connectivity to campus, data center and branch networks; wireless products include wireless access points and controllers; and compute portfolio including the cisco unified computing system, hyperflex, and software management capabilities, which combine computing, networking, and storage infrastructure management and virtualization. In addition, it provides Internet for the future product consists of routed optical networking, 5G, silicon, and optics solutions; collaboration products, such as meetings, collaboration devices, calling, contact center, and communication platform as a service; end-to-end security product consists of network security, cloud security, security endpoints, unified threat management, and zero trust; and optimized application experiences products including full stack observability and network assurance. Further, the company offers a range of service and support options for its customers, including technical support and advanced services and advisory services. It serves businesses of various sizes, public institutions, governments, and service providers. The company sells its products and services directly, as well as through systems integrators, service providers, other resellers, and distributors. Cisco Systems, Inc. has strategic alliances with other companies. Cisco Systems, Inc. was incorporated in 1984 and is headquartered in San Jose, California.",98272.42853626198,"[{'maxAge': 1, 'name': 'Mr. Charles H. Robbins', 'age': 56, 'title': 'Chairman & CEO', 'yearBorn': 1966, 'fiscalYear': 2023, 'totalPay': 7734729, 'exercisedValue': 0, 'unexercisedValue': 0}, {'maxAge': 1, 'name': 'Mr. Richard Scott Herren', 'age': 60, 'title': 'Executive VP & CFO', 'yearBorn': 1962, 'fiscalYear': 2023, 'totalPay': 3347153, 'exercisedValue': 0, 'unexercisedValue': 0}, {'maxAge': 1, 'name': 'Ms. Maria N. Martinez', 'age': 64, 'title': 'Executive VP & COO', 'yearBorn': 1958, 'fiscalYear': 2023, 'totalPay': 3294677, 'exercisedValue': 0, 'unexercisedValue': 0}, {'maxAge': 1, 'name': 'Ms. Deborah L. Stahlkopf', 'age': 52, 'title': 'Executive VP, Chief Legal Officer & Chief Compliance Officer', 'yearBorn': 1970, 'fiscalYear': 2023, 'totalPay': 2679239, 'exercisedValue': 0, 'unexercisedValue': 0}, {'maxAge': 1, 'name': 'Mr. Jeffery S. Sharritts', 'age': 53, 'title': 'Executive VP and Chief Customer & Partner Officer', 'yearBorn': 1969, 'fiscalYear': 2023, 'totalPay': 3035045, 'exercisedValue': 0, 'unexercisedValue': 0}, {'maxAge': 1, 'name': 'Ms. M. Victoria Wong', 'age': 55, 'title': 'Senior VP & Chief Accounting Officer', 'yearBorn': 1967, 'fiscalYear': 2023, 'exercisedValue': 0, 'unexercisedValue': 0}, {'maxAge': 1, 'name': 'Mr. Andrew  Ashton', 'title': 'Senior Vice President of Corporate Finance', 'fiscalYear': 2023, 'exercisedValue': 0, 'unexercisedValue': 0}, {'maxAge': 1, 'name': 'Mr. Fletcher  Previn', 'title': 'Senior VP & Chief Information Officer', 'fiscalYear': 2023, 'exercisedValue': 0, 'unexercisedValue': 0}, {'maxAge': 1, 'name': 'Ms. Marilyn  Mora', 'title': 'Director of Global Investor Relations', 'fiscalYear': 2023, 'exercisedValue': 0, 'unexercisedValue': 0}, {'maxAge': 1, 'name': 'Ms. Maria  Poveromo', 'title': 'Senior VP & Chief Communications Officer', 'fiscalYear': 2023, 'exercisedValue': 0, 'unexercisedValue': 0}]",1.8078622392215624,6.221544684205825,2.796244951035529,0.8771379462067788,0.969451464020102,1652983766.763582,2011593051.4996636,96006.05514104542,1.5837122195362614,41.994434751763144,52.381962561266974,52.894205867680206,45.69729811680185,46.283035229838546,58.25003680751065,42.35774684956284,50.81412195877238,1.5262843472435468,0.03474322669560181,1810856223.6341598,0.622523001417715,3.095805287497396,0.958137327355629,14.971457474476468,15.72958752455022,17374767.439846914,18647509.597446583,18142852.951424297,21446481.37983685,20915619.670748968,45.69678953609357,43.815611719251116,2360.1222481449486,3492.3103620295055,171420712804.27283,34.314403238033094,62.40181680751347,4.041126673917158,44.743778026715745,45.763102072041,1.663148753435302,0.030345353210483407,USD,205014597341.00314,0.30479593328099197,3555392194.510463,5124014669.986379,43466760.28941139,49216634.12745213,1874526488.499536,1417610744.8594954,0.011871086945223826,0.0009481254097679927,0.7469722143152684,2.9283914329079495,0.008923690836599728,3390638661.421302,14.123979014487556,3.704349471122496,1561042367.3076828,1927923510.3024702,1864978759.4898005,0.35776863400758524,13005759235.397314,3.0842906956052776,4.596504207114342,1.4943004622970717,2:1,758931286.2275342,3.7342517531117143,11.023980509438429,-0.018034661780999252,0.14757370055628263,0.3742161268091618,1755194917.7239225,NMS,EQUITY,CSCO,CSCO,"Cisco Systems, Inc.","Cisco Systems, Inc.",834177478.1974041,America/New_York,EST,85fd1bb0-e226-3a6a-b3e9-b5dc1a4952f1,finmb_19691,-20065644.62167772,39.161308241730936,60.71157482761108,43.41380685479365,43.421626573912825,55.106842877214085,2.4382002272277186,hold,13.827920762240883,25685137726.874817,4.500851815353956,15966595469.624477,6993492304.3222885,1.1779563305723482,1.31088505922015,49821079435.27701,26.193468916255416,14.454277966935278,0.1121234908271675,0.4055194572114323,31989199739.888954,19118841900.575012,17073867757.394056,0.36764968944675464,0.06939320290698413,0.6500075470960184,0.31584414258395416,0.2800284551428065,USD,2.9590372962238636,
186082.0964675591,COMMERZBANK ORD,SHARE,Buy,B,2017-07-20 09:28:35,0.943062463125558,11.29860043377751,DE000CBK1001,Germany,EUR,11.8748630094426,Trading,CHF_EUR,1.1371134573810957,1.1353661324793494,,,,,,,,,,,,,,,,,,,,,,,,,99258.17388159526,,,,,,,,,,,,,,,,,,,,,,,,,,,,,,,,,,,,,,,,,,,,,,,,,,,,,,,,,,,,,,,,,,,,,NONE,CBK,CBK,,,,,,fd3a08fd-ff74-3a73-87a1-db7b12d03474,,,,,,,,,,,,,,,,,,,,,,,,,,,,,,,,
234942.9608727169,ORACLE ORD,SHARE,Sell,S,2004-10-06 17:49:36,206.06003309736448,10.944497466447862,US68389X1054,NASDAQ New York,USD,2473.0987047773456,Trading,CHF_USD,0.8634144037275269,1.0012944765091654,2300 Oracle Way,Austin,TX,78741,United States,737-867-1000,,https://www.oracle.com,Software - Infrastructure,software-infrastructure,Software - Infrastructure,Technology,technology,Technology,"Oracle Corporation offers products and services that address enterprise information technology environments worldwide. Its Oracle cloud software as a service offering include various cloud software applications, including Oracle Fusion cloud enterprise resource planning (ERP), Oracle Fusion cloud enterprise performance management, Oracle Fusion cloud supply chain and manufacturing management, Oracle Fusion cloud human capital management, Oracle Cerner healthcare, Oracle Advertising, and NetSuite applications suite, as well as Oracle Fusion Sales, Service, and Marketing. The company also offers cloud-based industry solutions for various industries; Oracle application licenses; and Oracle license support services. In addition, it provides cloud and license business' infrastructure technologies, such as the Oracle Database and MySQL Database; Java, a software development language; and middleware, including development tools and others. The company's cloud and license business' infrastructure technologies also comprise cloud-based compute, storage, and networking capabilities; and Oracle autonomous database, MySQL HeatWave, Internet-of-Things, digital assistant, and blockchain. Further, it provides hardware products and other hardware-related software offerings, including Oracle engineered systems, enterprise servers, storage solutions, industry-specific hardware, virtualization software, operating systems, management software, and related hardware services; and consulting and customer services. The company markets and sells its cloud, license, hardware, support, and services offerings directly to businesses in various industries, government agencies, and educational institutions, as well as through indirect channels. The company has a collaboration with Amdocs Limited to empower customers on their journey towards cloud and digital adoption. Oracle Corporation was founded in 1977 and is headquartered in Austin, Texas.",115610.47062604218,"[{'maxAge': 1, 'name': 'Mr. Lawrence J. Ellison', 'age': 78, 'title': 'Co-Founder, Chairman & CTO', 'yearBorn': 1944, 'fiscalYear': 2023, 'totalPay': 7301933, 'exercisedValue': 266000000, 'unexercisedValue': 815142528}, {'maxAge': 1, 'name': 'Ms. Safra Ada Catz', 'age': 60, 'title': 'CEO & Director', 'yearBorn': 1962, 'fiscalYear': 2023, 'totalPay': 5250680, 'exercisedValue': 511241792, 'unexercisedValue': 317857504}, {'maxAge': 1, 'name': 'Mr. Jeffrey O. Henley', 'age': 77, 'title': 'Vice Chairman of the Board', 'yearBorn': 1945, 'fiscalYear': 2023, 'totalPay': 1074571, 'exercisedValue': 20756160, 'unexercisedValue': 125948000}, {'maxAge': 1, 'name': 'Mr. Stuart A. Levey', 'age': 58, 'title': 'Executive VP & Chief Legal Officer', 'yearBorn': 1964, 'fiscalYear': 2023, 'totalPay': 1611910, 'exercisedValue': 0, 'unexercisedValue': 0}, {'maxAge': 1, 'name': 'Mr. Edward  Screven', 'age': 57, 'title': 'Executive VP & Chief Corporate Architect', 'yearBorn': 1965, 'fiscalYear': 2023, 'totalPay': 2990657, 'exercisedValue': 36649192, 'unexercisedValue': 98910000}, {'maxAge': 1, 'name': 'Mr. Douglas A. Kehring', 'age': 49, 'title': 'Executive Vice President of Corporate Operations', 'yearBorn': 1973, 'fiscalYear': 2023, 'exercisedValue': 0, 'unexercisedValue': 0}, {'maxAge': 1, 'name': 'Ms. Maria  Smith', 'age': 55, 'title': 'Executive VP & Chief Accounting Officer', 'yearBorn': 1967, 'fiscalYear': 2023, 'exercisedValue': 0, 'unexercisedValue': 0}, {'maxAge': 1, 'name': 'Ms. Jae  Evans', 'title': 'Global Chief Information Officer & Executive VP', 'fiscalYear': 2023, 'exercisedValue': 0, 'unexercisedValue': 0}, {'maxAge': 1, 'name': 'Mr. Ken  Bond', 'title': 'Senior Vice President of Investor Relations', 'fiscalYear': 2023, 'exercisedValue': 0, 'unexercisedValue': 0}, {'maxAge': 1, 'name': 'Mr. Andrew  Morawski', 'title': 'Executive VP & GM of Communications', 'fiscalYear': 2023, 'exercisedValue': 0, 'unexercisedValue': 0}]",8.680894540843546,11.173627333492963,10.251852871706069,5.027597510203106,11.03986189000462,1646862316.7671351,1725935754.3664753,85219.29970187048,1.8033266705666147,115.3461376531628,106.96306197425173,115.31404663587243,162.57512086328845,103.60114229145313,107.77114998181672,117.43891098046448,129.61352950778533,1.7506913011633707,0.012954674623166218,1574235864.3435621,0.34429389495391477,1.7002305732695548,1.1029535214928976,35.551332346029426,18.315259583498193,5686394.693347296,4856862.552255741,9434669.958139392,4591926.854294664,6005601.751035731,107.30883083021823,137.98455161018214,950.9353338312231,948.2687374690242,297408188410.74774,70.3415463141712,106.68458876945931,7.260599428091209,109.6756874256726,88.28873377657945,1.4139055142061723,0.012038109313726664,USD,362502166489.8606,0.15044835783478805,1858254228.8576128,2795461281.5717545,16243881.774979152,14602331.102060732,1890250455.3645258,1365169528.527663,0.008040496235447147,0.4687780593257905,0.4819712345518214,2.212443935111642,0.008650660410813955,3242695974.763307,0.8204792225872941,125.84753748575373,1570771102.1368525,1815875872.8819458,1479396168.2883334,0.44814521107409105,10418184641.579926,2.882299669188274,5.348319417315666,1.896325795244563,2:1,1063579591.1578137,6.697177429215707,17.67256817620465,0.5831717231321502,0.13891659368502818,0.3479905447937654,1906356004.1331596,NYQ,EQUITY,ORCL,ORCL,Oracle Corporation,Oracle Corporation,467120759.91253585,America/New_York,EST,238bd614-c63c-3123-8e2f-66b49fcfafed,finmb_22247,-16044082.984582022,105.76076749725054,154.43092411481163,88.86544588269344,121.97430029039079,114.91565274164608,2.232452168874437,buy,22.911446631587765,14003770327.097797,4.745389239917075,21431893455.09328,85972689371.17549,0.6848693346343631,0.882979886847289,45262395962.545395,2904.1615549840294,18.814896652938355,0.05637104450479241,,32753225914.54363,9430113420.489672,18121750621.599327,0.5371586474684042,0.09028285041648774,0.8275052764939931,0.3637075476083467,0.27534260176650915,USD,1.315668778563029,
220084.2129381599,BNP PARIBAS ACT.A ORD,SHARE,Buy,B,2003-11-27 15:46:44,10.888047099339444,41.527528526928336,FR0000131104,Euronext Paris,EUR,410.912115151286,Trading,CHF_EUR,0.942538994029455,0.934130027681738,,,,,,,,,,,,,,,,,,,,,,,,,91557.87752729085,,,,,,,,,,,,,,,,,,,,,,,,,,,,,,,,,,,,,,,,,,,,,,,,,,,,,,,,,,,,,,,,,,,,YHD,MUTUALFUND,BNP,BNP,14831,,832099217.9855943,America/New_York,EST,9db3753c-90d6-38a4-9c0d-a47853e39654,,-15932580.316732775,,,,,,,,,,,,,,,,,,,,,,,,,,,,,,
218182.1304057033,COMMERZBANK ORD,SHARE,Buy,B,2016-07-02 09:28:35,0.9688227781679358,11.2504734823447,DE000CBK1001,Germany,EUR,12.374933744761083,Trading,CHF_EUR,0.9544771436696412,1.1534011935293156,,,,,,,,,,,,,,,,,,,,,,,,,91823.28646534718,,,,,,,,,,,,,,,,,,,,,,,,,,,,,,,,,,,,,,,,,,,,,,,,,,,,,,,,,,,,,,,,,,,,,NONE,CBK,CBK,,,,,,fd3a08fd-ff74-3a73-87a1-db7b12d03474,,,,,,,,,,,,,,,,,,,,,,,,,,,,,,,,
195328.062498816,BNP PARIBAS ACT.A ORD,SHARE,Buy,B,2004-07-25 15:46:44,10.238021866589028,44.24751924111696,FR0000131104,Euronext Paris,EUR,389.83533665150986,Trading,CHF_EUR,0.9721291034785146,1.0110123822385575,,,,,,,,,,,,,,,,,,,,,,,,,82267.75562833773,,,,,,,,,,,,,,,,,,,,,,,,,,,,,,,,,,,,,,,,,,,,,,,,,,,,,,,,,,,,,,,,,,,,YHD,MUTUALFUND,BNP,BNP,14831,,858461375.086725,America/New_York,EST,9db3753c-90d6-38a4-9c0d-a47853e39654,,-19760823.62436713,,,,,,,,,,,,,,,,,,,,,,,,,,,,,,
195328.062498816,BNP PARIBAS ACT.A ORD,SHARE,Buy,B,2003-06-28 15:46:44,10.238021866589028,44.24751924111696,FR0000131104,Euronext Paris,EUR,389.83533665150986,Trading,CHF_EUR,0.9721291034785146,1.0110123822385575,,,,,,,,,,,,,,,,,,,,,,,,,78359.84003550702,,,,,,,,,,,,,,,,,,,,,,,,,,,,,,,,,,,,,,,,,,,,,,,,,,,,,,,,,,,,,,,,,,,,YHD,MUTUALFUND,BNP,BNP,14831,,764767616.7086316,America/New_York,EST,9db3753c-90d6-38a4-9c0d-a47853e39654,,-19006930.964339204,,,,,,,,,,,,,,,,,,,,,,,,,,,,,,
195328.062498816,BNP PARIBAS ACT.A ORD,SHARE,Buy,B,2005-01-23 15:46:44,10.238021866589028,44.24751924111696,FR0000131104,Euronext Paris,EUR,389.83533665150986,Trading,CHF_EUR,0.9721291034785146,1.0110123822385575,,,,,,,,,,,,,,,,,,,,,,,,,82344.8327778307,,,,,,,,,,,,,,,,,,,,,,,,,,,,,,,,,,,,,,,,,,,,,,,,,,,,,,,,,,,,,,,,,,,,YHD,MUTUALFUND,BNP,BNP,14831,,826572656.9947842,America/New_York,EST,9db3753c-90d6-38a4-9c0d-a47853e39654,,-17312523.920676056,,,,,,,,,,,,,,,,,,,,,,,,,,,,,,
209130.84638754977,CAPGEMINI ORD,SHARE,Sell,S,2015-11-26 13:38:58,9.099132021245678,93.67502584501302,FR0000125338,Euronext Paris,EUR,753.3449454171814,Trading,CHF_EUR,0.9878874138309196,1.1842896312394358,,,,,,,,,,,,,,,,,,,,,,,,,92846.14394637822,,,,,,,,,,,,,,,,,,,,,,,,,,,,,,,,,,,,,,,,,,,,,,,,,,,,,,,,,,,,,,,,,,,,,NONE,CAP,CAP,,,,,,db5ce5cb-1b12-3dac-ae45-84e881e1451f,finmb_599084614,,,,,,,,,,,,,,,,,,,,,,,,,,,,,,,
199653.3058639654,BNP PARIBAS ACT.A ORD,SHARE,Buy,B,2005-01-23 15:46:44,10.312116706145494,40.46303885717697,FR0000131104,Euronext Paris,EUR,412.9826448579553,Trading,CHF_EUR,1.008271930155241,1.0096147745096289,,,,,,,,,,,,,,,,,,,,,,,,,72855.14865864023,,,,,,,,,,,,,,,,,,,,,,,,,,,,,,,,,,,,,,,,,,,,,,,,,,,,,,,,,,,,,,,,,,,,YHD,MUTUALFUND,BNP,BNP,14831,,839181787.2767178,America/New_York,EST,9db3753c-90d6-38a4-9c0d-a47853e39654,,-18932173.717242043,,,,,,,,,,,,,,,,,,,,,,,,,,,,,,
188020.94758136504,MAYR MELNHOF KARTON ORD,SHARE,Buy,B,2010-09-14 13:57:28,0.949611625537886,63.98516494884816,AT0000938204,Vienne,EUR,56.98747879989863,Trading,CHF_EUR,0.9748780702013988,1.404317273483537,,,,,,,,,,,,,,,,,,,,,,,,,95383.21795647111,,,,,,,,,,,,,,,,,,,,,,,,,,,,,,,,,,,,,,,,,,,,,,,,,,,,,,,,,,,,,,,,,,,,YHD,MUTUALFUND,MMK,MMK,,,1561128591.9041762,America/New_York,EST,00afc644-9b1d-339f-864e-a2ca3e56af77,,-15707114.724730298,,,,,,,,,,,,,,,,,,,,,,,,,,,,,,
218291.06913201057,COMMERZBANK ORD,SHARE,Buy,B,2017-04-22 09:28:35,0.8973287105566199,11.826264275817389,DE000CBK1001,Germany,EUR,11.578796791226296,Trading,CHF_EUR,0.9319359032110358,1.1175281729175532,,,,,,,,,,,,,,,,,,,,,,,,,83692.96329488742,,,,,,,,,,,,,,,,,,,,,,,,,,,,,,,,,,,,,,,,,,,,,,,,,,,,,,,,,,,,,,,,,,,,,NONE,CBK,CBK,,,,,,fd3a08fd-ff74-3a73-87a1-db7b12d03474,,,,,,,,,,,,,,,,,,,,,,,,,,,,,,,,
209415.0004167581,CISCO SYSTEMS ORD,SHARE,Sell,S,2004-11-05 18:44:07,4.525592215036427,14.1626639148223,US17275R1023,NASDAQ New York,USD,57.46373833630427,Trading,CHF_USD,1.0654424244856338,0.8723956067022194,170 West Tasman Drive,San Jose,CA,95134-1706,United States,(408) 526-4000,(408) 853-3683,https://www.cisco.com,Communication Equipment,communication-equipment,Communication Equipment,Technology,technology,Technology,"Cisco Systems, Inc. designs, manufactures, and sells Internet Protocol based networking and other products related to the communications and information technology industry in the Americas, Europe, the Middle East, Africa, the Asia Pacific, Japan, and China. The company also offers switching portfolio encompasses campus switching as well as data center switching; enterprise routing portfolio interconnects public and private wireline and mobile networks, delivering highly secure, and reliable connectivity to campus, data center and branch networks; wireless products include wireless access points and controllers; and compute portfolio including the cisco unified computing system, hyperflex, and software management capabilities, which combine computing, networking, and storage infrastructure management and virtualization. In addition, it provides Internet for the future product consists of routed optical networking, 5G, silicon, and optics solutions; collaboration products, such as meetings, collaboration devices, calling, contact center, and communication platform as a service; end-to-end security product consists of network security, cloud security, security endpoints, unified threat management, and zero trust; and optimized application experiences products including full stack observability and network assurance. Further, the company offers a range of service and support options for its customers, including technical support and advanced services and advisory services. It serves businesses of various sizes, public institutions, governments, and service providers. The company sells its products and services directly, as well as through systems integrators, service providers, other resellers, and distributors. Cisco Systems, Inc. has strategic alliances with other companies. Cisco Systems, Inc. was incorporated in 1984 and is headquartered in San Jose, California.",86512.74992186064,"[{'maxAge': 1, 'name': 'Mr. Charles H. Robbins', 'age': 56, 'title': 'Chairman & CEO', 'yearBorn': 1966, 'fiscalYear': 2023, 'totalPay': 7734729, 'exercisedValue': 0, 'unexercisedValue': 0}, {'maxAge': 1, 'name': 'Mr. Richard Scott Herren', 'age': 60, 'title': 'Executive VP & CFO', 'yearBorn': 1962, 'fiscalYear': 2023, 'totalPay': 3347153, 'exercisedValue': 0, 'unexercisedValue': 0}, {'maxAge': 1, 'name': 'Ms. Maria N. Martinez', 'age': 64, 'title': 'Executive VP & COO', 'yearBorn': 1958, 'fiscalYear': 2023, 'totalPay': 3294677, 'exercisedValue': 0, 'unexercisedValue': 0}, {'maxAge': 1, 'name': 'Ms. Deborah L. Stahlkopf', 'age': 52, 'title': 'Executive VP, Chief Legal Officer & Chief Compliance Officer', 'yearBorn': 1970, 'fiscalYear': 2023, 'totalPay': 2679239, 'exercisedValue': 0, 'unexercisedValue': 0}, {'maxAge': 1, 'name': 'Mr. Jeffery S. Sharritts', 'age': 53, 'title': 'Executive VP and Chief Customer & Partner Officer', 'yearBorn': 1969, 'fiscalYear': 2023, 'totalPay': 3035045, 'exercisedValue': 0, 'unexercisedValue': 0}, {'maxAge': 1, 'name': 'Ms. M. Victoria Wong', 'age': 55, 'title': 'Senior VP & Chief Accounting Officer', 'yearBorn': 1967, 'fiscalYear': 2023, 'exercisedValue': 0, 'unexercisedValue': 0}, {'maxAge': 1, 'name': 'Mr. Andrew  Ashton', 'title': 'Senior Vice President of Corporate Finance', 'fiscalYear': 2023, 'exercisedValue': 0, 'unexercisedValue': 0}, {'maxAge': 1, 'name': 'Mr. Fletcher  Previn', 'title': 'Senior VP & Chief Information Officer', 'fiscalYear': 2023, 'exercisedValue': 0, 'unexercisedValue': 0}, {'maxAge': 1, 'name': 'Ms. Marilyn  Mora', 'title': 'Director of Global Investor Relations', 'fiscalYear': 2023, 'exercisedValue': 0, 'unexercisedValue': 0}, {'maxAge': 1, 'name': 'Ms. Maria  Poveromo', 'title': 'Senior VP & Chief Communications Officer', 'fiscalYear': 2023, 'exercisedValue': 0, 'unexercisedValue': 0}]",2.0047532061476945,6.144279324945923,2.690783550951493,0.8800226515916042,0.9908391662029553,1661284726.0707808,1901023607.5601032,109335.49457192104,1.6107346226302397,41.98760775817618,53.37902602458492,52.70717680508377,43.322248571494264,46.487761786940204,57.2721994301887,37.65149164137379,53.36274716784808,1.5405783128406005,0.03292496540152763,1881018736.828716,0.5932928974659026,2.9803736694381677,0.956667634354267,15.348444736478669,14.727242526507725,18054384.522839956,18038702.890467707,18670904.515768223,23149508.87418354,21943979.81592479,46.711946371176325,47.71040479278149,2369.111987665985,3253.0006076565087,165836839429.88153,37.09708344558311,71.94865239982357,4.042735994055875,45.79806987387012,42.27262881637404,1.7829640503976685,0.030789482867776708,USD,200967897679.63065,0.30000351910884127,3602061399.24465,4753010138.088699,46304016.82817773,44797397.15708515,1709446467.9888546,1444077800.6646981,0.012171432669028343,0.0008523859504370835,0.7263175739781061,2.8404130879688574,0.00883108472179061,3447274091.0920525,15.087885971765111,3.6293651597506216,1746538570.5146635,1943344428.7345366,1743135980.163232,0.35136248180316454,14267802376.41827,3.5062157504147855,5.1209795215792235,1.3802308128669027,2:1,784374886.4422406,3.735634404307427,9.891494837504144,-0.019303275345788715,0.14477640865502656,0.4035868795314888,1714670195.9433265,NMS,EQUITY,CSCO,CSCO,"Cisco Systems, Inc.","Cisco Systems, Inc.",760673233.2209283,America/New_York,EST,85fd1bb0-e226-3a6a-b3e9-b5dc1a4952f1,finmb_19691,-20010874.745582145,42.64701079776946,59.7775640821977,42.313459779083395,43.224773714765,51.95277074994635,2.5150219060632804,hold,13.801452993960986,26627732977.54108,4.612737338092811,17015812784.046705,7489158713.02161,1.2210557493374568,1.2066464108968622,56934308796.89266,26.180578434661342,13.50269675579801,0.12918280883529296,0.33817025352692476,31009445326.17046,19088281105.924175,18919155443.5502,0.3755795851164303,0.07089886368651022,0.663680553970584,0.3239082085429063,0.2927050327176432,USD,2.940563397654137,
195328.062498816,BNP PARIBAS ACT.A ORD,SHARE,Buy,B,2005-01-19 15:46:44,10.238021866589028,44.24751924111696,FR0000131104,Euronext Paris,EUR,389.83533665150986,Trading,CHF_EUR,0.9721291034785146,1.0110123822385575,,,,,,,,,,,,,,,,,,,,,,,,,77717.4393505762,,,,,,,,,,,,,,,,,,,,,,,,,,,,,,,,,,,,,,,,,,,,,,,,,,,,,,,,,,,,,,,,,,,,YHD,MUTUALFUND,BNP,BNP,14831,,791480528.7262485,America/New_York,EST,9db3753c-90d6-38a4-9c0d-a47853e39654,,-18629320.376692165,,,,,,,,,,,,,,,,,,,,,,,,,,,,,,
195328.062498816,BNP PARIBAS ACT.A ORD,SHARE,Buy,B,2003-04-13 15:46:44,10.238021866589028,44.24751924111696,FR0000131104,Euronext Paris,EUR,389.83533665150986,Trading,CHF_EUR,0.9721291034785146,1.0110123822385575,,,,,,,,,,,,,,,,,,,,,,,,,75094.84271683522,,,,,,,,,,,,,,,,,,,,,,,,,,,,,,,,,,,,,,,,,,,,,,,,,,,,,,,,,,,,,,,,,,,,YHD,MUTUALFUND,BNP,BNP,14831,,805052935.225252,America/New_York,EST,9db3753c-90d6-38a4-9c0d-a47853e39654,,-18569987.01314711,,,,,,,,,,,,,,,,,,,,,,,,,,,,,,
186082.0964675591,COMMERZBANK ORD,SHARE,Buy,B,2015-10-17 09:28:35,0.943062463125558,11.29860043377751,DE000CBK1001,Germany,EUR,11.8748630094426,Trading,CHF_EUR,1.1371134573810957,1.1353661324793494,,,,,,,,,,,,,,,,,,,,,,,,,91688.0005774715,,,,,,,,,,,,,,,,,,,,,,,,,,,,,,,,,,,,,,,,,,,,,,,,,,,,,,,,,,,,,,,,,,,,,NONE,CBK,CBK,,,,,,fd3a08fd-ff74-3a73-87a1-db7b12d03474,,,,,,,,,,,,,,,,,,,,,,,,,,,,,,,,
195328.062498816,BNP PARIBAS ACT.A ORD,SHARE,Buy,B,2005-02-23 15:46:44,10.238021866589028,44.24751924111696,FR0000131104,Euronext Paris,EUR,389.83533665150986,Trading,CHF_EUR,0.9721291034785146,1.0110123822385575,,,,,,,,,,,,,,,,,,,,,,,,,78888.24628049915,,,,,,,,,,,,,,,,,,,,,,,,,,,,,,,,,,,,,,,,,,,,,,,,,,,,,,,,,,,,,,,,,,,,YHD,MUTUALFUND,BNP,BNP,14831,,876278928.5554523,America/New_York,EST,9db3753c-90d6-38a4-9c0d-a47853e39654,,-18041329.63526174,,,,,,,,,,,,,,,,,,,,,,,,,,,,,,
218291.06913201057,COMMERZBANK ORD,SHARE,Buy,B,2017-07-03 09:28:35,0.8973287105566199,11.826264275817389,DE000CBK1001,Germany,EUR,11.578796791226296,Trading,CHF_EUR,0.9319359032110358,1.1175281729175532,,,,,,,,,,,,,,,,,,,,,,,,,82657.57233089354,,,,,,,,,,,,,,,,,,,,,,,,,,,,,,,,,,,,,,,,,,,,,,,,,,,,,,,,,,,,,,,,,,,,,NONE,CBK,CBK,,,,,,fd3a08fd-ff74-3a73-87a1-db7b12d03474,,,,,,,,,,,,,,,,,,,,,,,,,,,,,,,,
220084.2129381599,BNP PARIBAS ACT.A ORD,SHARE,Buy,B,2004-04-03 15:46:44,10.888047099339444,41.527528526928336,FR0000131104,Euronext Paris,EUR,410.912115151286,Trading,CHF_EUR,0.942538994029455,0.934130027681738,,,,,,,,,,,,,,,,,,,,,,,,,85426.42828271704,,,,,,,,,,,,,,,,,,,,,,,,,,,,,,,,,,,,,,,,,,,,,,,,,,,,,,,,,,,,,,,,,,,,YHD,MUTUALFUND,BNP,BNP,14831,,757891634.7786299,America/New_York,EST,9db3753c-90d6-38a4-9c0d-a47853e39654,,-16747136.221619602,,,,,,,,,,,,,,,,,,,,,,,,,,,,,,
218182.1304057033,COMMERZBANK ORD,SHARE,Buy,B,2016-05-01 09:28:35,0.9688227781679358,11.2504734823447,DE000CBK1001,Germany,EUR,12.374933744761083,Trading,CHF_EUR,0.9544771436696412,1.1534011935293156,,,,,,,,,,,,,,,,,,,,,,,,,91969.34313249821,,,,,,,,,,,,,,,,,,,,,,,,,,,,,,,,,,,,,,,,,,,,,,,,,,,,,,,,,,,,,,,,,,,,,NONE,CBK,CBK,,,,,,fd3a08fd-ff74-3a73-87a1-db7b12d03474,,,,,,,,,,,,,,,,,,,,,,,,,,,,,,,,
220084.2129381599,BNP PARIBAS ACT.A ORD,SHARE,Buy,B,2004-07-29 15:46:44,10.888047099339444,41.527528526928336,FR0000131104,Euronext Paris,EUR,410.912115151286,Trading,CHF_EUR,0.942538994029455,0.934130027681738,,,,,,,,,,,,,,,,,,,,,,,,,86738.51299398272,,,,,,,,,,,,,,,,,,,,,,,,,,,,,,,,,,,,,,,,,,,,,,,,,,,,,,,,,,,,,,,,,,,,YHD,MUTUALFUND,BNP,BNP,14831,,830126039.9556047,America/New_York,EST,9db3753c-90d6-38a4-9c0d-a47853e39654,,-17457906.91199395,,,,,,,,,,,,,,,,,,,,,,,,,,,,,,
195328.062498816,BNP PARIBAS ACT.A ORD,SHARE,Buy,B,2005-10-12 15:46:44,10.238021866589028,44.24751924111696,FR0000131104,Euronext Paris,EUR,389.83533665150986,Trading,CHF_EUR,0.9721291034785146,1.0110123822385575,,,,,,,,,,,,,,,,,,,,,,,,,85329.911392493,,,,,,,,,,,,,,,,,,,,,,,,,,,,,,,,,,,,,,,,,,,,,,,,,,,,,,,,,,,,,,,,,,,,YHD,MUTUALFUND,BNP,BNP,14831,,786736000.1879011,America/New_York,EST,9db3753c-90d6-38a4-9c0d-a47853e39654,,-18578614.75840465,,,,,,,,,,,,,,,,,,,,,,,,,,,,,,
220084.2129381599,BNP PARIBAS ACT.A ORD,SHARE,Buy,B,2004-01-11 15:46:44,10.888047099339444,41.527528526928336,FR0000131104,Euronext Paris,EUR,410.912115151286,Trading,CHF_EUR,0.942538994029455,0.934130027681738,,,,,,,,,,,,,,,,,,,,,,,,,86354.40597884206,,,,,,,,,,,,,,,,,,,,,,,,,,,,,,,,,,,,,,,,,,,,,,,,,,,,,,,,,,,,,,,,,,,,YHD,MUTUALFUND,BNP,BNP,14831,,766298520.8404827,America/New_York,EST,9db3753c-90d6-38a4-9c0d-a47853e39654,,-16792621.84888491,,,,,,,,,,,,,,,,,,,,,,,,,,,,,,
220084.2129381599,BNP PARIBAS ACT.A ORD,SHARE,Buy,B,2004-07-10 15:46:44,10.888047099339444,41.527528526928336,FR0000131104,Euronext Paris,EUR,410.912115151286,Trading,CHF_EUR,0.942538994029455,0.934130027681738,,,,,,,,,,,,,,,,,,,,,,,,,84141.08113159164,,,,,,,,,,,,,,,,,,,,,,,,,,,,,,,,,,,,,,,,,,,,,,,,,,,,,,,,,,,,,,,,,,,,YHD,MUTUALFUND,BNP,BNP,14831,,753905423.5416652,America/New_York,EST,9db3753c-90d6-38a4-9c0d-a47853e39654,,-17238125.33412023,,,,,,,,,,,,,,,,,,,,,,,,,,,,,,
218182.1304057033,COMMERZBANK ORD,SHARE,Buy,B,2017-04-14 09:28:35,0.9688227781679358,11.2504734823447,DE000CBK1001,Germany,EUR,12.374933744761083,Trading,CHF_EUR,0.9544771436696412,1.1534011935293156,,,,,,,,,,,,,,,,,,,,,,,,,87275.40616894737,,,,,,,,,,,,,,,,,,,,,,,,,,,,,,,,,,,,,,,,,,,,,,,,,,,,,,,,,,,,,,,,,,,,,NONE,CBK,CBK,,,,,,fd3a08fd-ff74-3a73-87a1-db7b12d03474,,,,,,,,,,,,,,,,,,,,,,,,,,,,,,,,
186082.0964675591,COMMERZBANK ORD,SHARE,Buy,B,2016-08-07 09:28:35,0.943062463125558,11.29860043377751,DE000CBK1001,Germany,EUR,11.8748630094426,Trading,CHF_EUR,1.1371134573810957,1.1353661324793494,,,,,,,,,,,,,,,,,,,,,,,,,109124.85327851189,,,,,,,,,,,,,,,,,,,,,,,,,,,,,,,,,,,,,,,,,,,,,,,,,,,,,,,,,,,,,,,,,,,,,NONE,CBK,CBK,,,,,,fd3a08fd-ff74-3a73-87a1-db7b12d03474,,,,,,,,,,,,,,,,,,,,,,,,,,,,,,,,
186147.75455426835,AXA ORD,SHARE,Sell,S,2020-08-01 15:00:19,1.025188781846295,20.8860391097183,FR0000120628,Germany,EUR,23.18720055168503,Trading,CHF_EUR,1.0456144248037302,1.0945471896176615,,,,,,,,,,,,,,,,,,,,,,,,,73602.2703641893,,,,,,,,,,,,,,,,,,,,,,,,,,,,,,,,,,,,,,,,,,,,,,,,,,,,,,,,,,,,,,,,,,,,,NONE,CS,CS,,,,,,8d7e99c7-3cd5-310a-9aaf-4c9f9a520368,,,,,,,,,,,,,,,,,,,,,,,,,,,,,,,,
186082.0964675591,COMMERZBANK ORD,SHARE,Buy,B,2017-04-25 09:28:35,0.943062463125558,11.29860043377751,DE000CBK1001,Germany,EUR,11.8748630094426,Trading,CHF_EUR,1.1371134573810957,1.1353661324793494,,,,,,,,,,,,,,,,,,,,,,,,,95305.29825702253,,,,,,,,,,,,,,,,,,,,,,,,,,,,,,,,,,,,,,,,,,,,,,,,,,,,,,,,,,,,,,,,,,,,,NONE,CBK,CBK,,,,,,fd3a08fd-ff74-3a73-87a1-db7b12d03474,,,,,,,,,,,,,,,,,,,,,,,,,,,,,,,,
195328.062498816,BNP PARIBAS ACT.A ORD,SHARE,Buy,B,2004-06-06 15:46:44,10.238021866589028,44.24751924111696,FR0000131104,Euronext Paris,EUR,389.83533665150986,Trading,CHF_EUR,0.9721291034785146,1.0110123822385575,,,,,,,,,,,,,,,,,,,,,,,,,81919.69062185507,,,,,,,,,,,,,,,,,,,,,,,,,,,,,,,,,,,,,,,,,,,,,,,,,,,,,,,,,,,,,,,,,,,,YHD,MUTUALFUND,BNP,BNP,14831,,867972425.0567915,America/New_York,EST,9db3753c-90d6-38a4-9c0d-a47853e39654,,-17999537.121302303,,,,,,,,,,,,,,,,,,,,,,,,,,,,,,
209415.0004167581,CISCO SYSTEMS ORD,SHARE,Sell,S,2004-11-20 18:44:07,4.525592215036427,14.1626639148223,US17275R1023,NASDAQ New York,USD,57.46373833630427,Trading,CHF_USD,1.0654424244856338,0.8723956067022194,170 West Tasman Drive,San Jose,CA,95134-1706,United States,(408) 526-4000,(408) 853-3683,https://www.cisco.com,Communication Equipment,communication-equipment,Communication Equipment,Technology,technology,Technology,"Cisco Systems, Inc. designs, manufactures, and sells Internet Protocol based networking and other products related to the communications and information technology industry in the Americas, Europe, the Middle East, Africa, the Asia Pacific, Japan, and China. The company also offers switching portfolio encompasses campus switching as well as data center switching; enterprise routing portfolio interconnects public and private wireline and mobile networks, delivering highly secure, and reliable connectivity to campus, data center and branch networks; wireless products include wireless access points and controllers; and compute portfolio including the cisco unified computing system, hyperflex, and software management capabilities, which combine computing, networking, and storage infrastructure management and virtualization. In addition, it provides Internet for the future product consists of routed optical networking, 5G, silicon, and optics solutions; collaboration products, such as meetings, collaboration devices, calling, contact center, and communication platform as a service; end-to-end security product consists of network security, cloud security, security endpoints, unified threat management, and zero trust; and optimized application experiences products including full stack observability and network assurance. Further, the company offers a range of service and support options for its customers, including technical support and advanced services and advisory services. It serves businesses of various sizes, public institutions, governments, and service providers. The company sells its products and services directly, as well as through systems integrators, service providers, other resellers, and distributors. Cisco Systems, Inc. has strategic alliances with other companies. Cisco Systems, Inc. was incorporated in 1984 and is headquartered in San Jose, California.",78571.6894165687,"[{'maxAge': 1, 'name': 'Mr. Charles H. Robbins', 'age': 56, 'title': 'Chairman & CEO', 'yearBorn': 1966, 'fiscalYear': 2023, 'totalPay': 7734729, 'exercisedValue': 0, 'unexercisedValue': 0}, {'maxAge': 1, 'name': 'Mr. Richard Scott Herren', 'age': 60, 'title': 'Executive VP & CFO', 'yearBorn': 1962, 'fiscalYear': 2023, 'totalPay': 3347153, 'exercisedValue': 0, 'unexercisedValue': 0}, {'maxAge': 1, 'name': 'Ms. Maria N. Martinez', 'age': 64, 'title': 'Executive VP & COO', 'yearBorn': 1958, 'fiscalYear': 2023, 'totalPay': 3294677, 'exercisedValue': 0, 'unexercisedValue': 0}, {'maxAge': 1, 'name': 'Ms. Deborah L. Stahlkopf', 'age': 52, 'title': 'Executive VP, Chief Legal Officer & Chief Compliance Officer', 'yearBorn': 1970, 'fiscalYear': 2023, 'totalPay': 2679239, 'exercisedValue': 0, 'unexercisedValue': 0}, {'maxAge': 1, 'name': 'Mr. Jeffery S. Sharritts', 'age': 53, 'title': 'Executive VP and Chief Customer & Partner Officer', 'yearBorn': 1969, 'fiscalYear': 2023, 'totalPay': 3035045, 'exercisedValue': 0, 'unexercisedValue': 0}, {'maxAge': 1, 'name': 'Ms. M. Victoria Wong', 'age': 55, 'title': 'Senior VP & Chief Accounting Officer', 'yearBorn': 1967, 'fiscalYear': 2023, 'exercisedValue': 0, 'unexercisedValue': 0}, {'maxAge': 1, 'name': 'Mr. Andrew  Ashton', 'title': 'Senior Vice President of Corporate Finance', 'fiscalYear': 2023, 'exercisedValue': 0, 'unexercisedValue': 0}, {'maxAge': 1, 'name': 'Mr. Fletcher  Previn', 'title': 'Senior VP & Chief Information Officer', 'fiscalYear': 2023, 'exercisedValue': 0, 'unexercisedValue': 0}, {'maxAge': 1, 'name': 'Ms. Marilyn  Mora', 'title': 'Director of Global Investor Relations', 'fiscalYear': 2023, 'exercisedValue': 0, 'unexercisedValue': 0}, {'maxAge': 1, 'name': 'Ms. Maria  Poveromo', 'title': 'Senior VP & Chief Communications Officer', 'fiscalYear': 2023, 'exercisedValue': 0, 'unexercisedValue': 0}]",1.7889216357812745,7.027504970880186,2.27576590250043,0.8155853034639152,1.0463009868792286,1895174695.0562983,1863690393.7055767,95811.0982245785,2.086073318329808,44.3250730981884,51.05931501251113,48.155905706871145,47.2792498590238,43.33072554677628,45.57032438689159,53.14553897095435,60.95863807562941,1.732962752360429,0.02795185408865488,1529963382.7670307,0.5712058964459632,3.370174722477413,1.0551792509345128,13.626406194934479,12.59304515032226,18996598.382525302,17809102.51694529,20482560.735746507,18949149.505401544,20246904.288001373,43.605200364320446,33.42414800669712,2872.5871107787348,3754.1018813138053,199719753874.28568,41.39037981597339,57.069308193839014,3.465071785545176,55.597962687657635,46.04775640746772,1.956556033802448,0.030045963293428846,USD,214401195461.6082,0.26826392751057504,3665402026.611871,5225901631.813305,46127086.232002445,36424508.90686476,1882705836.4364893,1619259997.9731534,0.01403897683702085,0.000738938684812136,0.7359877487665281,3.4851084243924815,0.011148321236216431,4025891545.1749196,11.922207105993099,4.088916724056746,1590469187.7344096,1851209928.1876118,1917144973.8174088,0.3481204029205129,10684724706.764126,3.7139209375846303,4.5694654716411485,1.544296951558411,2:1,633547392.8697866,3.394806250284915,7.928732881300321,-0.020473505533016162,0.15411809836078308,0.4424067539896517,1480372402.5072746,NMS,EQUITY,CSCO,CSCO,"Cisco Systems, Inc.","Cisco Systems, Inc.",871828996.0713106,America/New_York,EST,85fd1bb0-e226-3a6a-b3e9-b5dc1a4952f1,finmb_19691,-17287262.325636588,47.1201472581896,74.25285580822808,45.84458716166122,45.99602116026359,51.0789185522152,2.446187828463984,hold,11.539654024532258,23864098869.807613,5.373006921895634,18018648486.314156,8660129269.405691,0.9227773764434658,1.2229708663328114,56348381702.445114,22.17775221664026,14.204561045652694,0.09864358840102339,0.41203431602324486,36537580235.59374,13098351327.562822,17487166812.0216,0.3431277950595023,0.06719982810252646,0.5801158520313161,0.29191608206829156,0.29024088130940595,USD,3.0136818548305717,
209415.0004167581,CISCO SYSTEMS ORD,SHARE,Sell,S,2003-12-21 18:44:07,4.525592215036427,14.1626639148223,US17275R1023,NASDAQ New York,USD,57.46373833630427,Trading,CHF_USD,1.0654424244856338,0.8723956067022194,170 West Tasman Drive,San Jose,CA,95134-1706,United States,(408) 526-4000,(408) 853-3683,https://www.cisco.com,Communication Equipment,communication-equipment,Communication Equipment,Technology,technology,Technology,"Cisco Systems, Inc. designs, manufactures, and sells Internet Protocol based networking and other products related to the communications and information technology industry in the Americas, Europe, the Middle East, Africa, the Asia Pacific, Japan, and China. The company also offers switching portfolio encompasses campus switching as well as data center switching; enterprise routing portfolio interconnects public and private wireline and mobile networks, delivering highly secure, and reliable connectivity to campus, data center and branch networks; wireless products include wireless access points and controllers; and compute portfolio including the cisco unified computing system, hyperflex, and software management capabilities, which combine computing, networking, and storage infrastructure management and virtualization. In addition, it provides Internet for the future product consists of routed optical networking, 5G, silicon, and optics solutions; collaboration products, such as meetings, collaboration devices, calling, contact center, and communication platform as a service; end-to-end security product consists of network security, cloud security, security endpoints, unified threat management, and zero trust; and optimized application experiences products including full stack observability and network assurance. Further, the company offers a range of service and support options for its customers, including technical support and advanced services and advisory services. It serves businesses of various sizes, public institutions, governments, and service providers. The company sells its products and services directly, as well as through systems integrators, service providers, other resellers, and distributors. Cisco Systems, Inc. has strategic alliances with other companies. Cisco Systems, Inc. was incorporated in 1984 and is headquartered in San Jose, California.",73058.1013268178,"[{'maxAge': 1, 'name': 'Mr. Charles H. Robbins', 'age': 56, 'title': 'Chairman & CEO', 'yearBorn': 1966, 'fiscalYear': 2023, 'totalPay': 7734729, 'exercisedValue': 0, 'unexercisedValue': 0}, {'maxAge': 1, 'name': 'Mr. Richard Scott Herren', 'age': 60, 'title': 'Executive VP & CFO', 'yearBorn': 1962, 'fiscalYear': 2023, 'totalPay': 3347153, 'exercisedValue': 0, 'unexercisedValue': 0}, {'maxAge': 1, 'name': 'Ms. Maria N. Martinez', 'age': 64, 'title': 'Executive VP & COO', 'yearBorn': 1958, 'fiscalYear': 2023, 'totalPay': 3294677, 'exercisedValue': 0, 'unexercisedValue': 0}, {'maxAge': 1, 'name': 'Ms. Deborah L. Stahlkopf', 'age': 52, 'title': 'Executive VP, Chief Legal Officer & Chief Compliance Officer', 'yearBorn': 1970, 'fiscalYear': 2023, 'totalPay': 2679239, 'exercisedValue': 0, 'unexercisedValue': 0}, {'maxAge': 1, 'name': 'Mr. Jeffery S. Sharritts', 'age': 53, 'title': 'Executive VP and Chief Customer & Partner Officer', 'yearBorn': 1969, 'fiscalYear': 2023, 'totalPay': 3035045, 'exercisedValue': 0, 'unexercisedValue': 0}, {'maxAge': 1, 'name': 'Ms. M. Victoria Wong', 'age': 55, 'title': 'Senior VP & Chief Accounting Officer', 'yearBorn': 1967, 'fiscalYear': 2023, 'exercisedValue': 0, 'unexercisedValue': 0}, {'maxAge': 1, 'name': 'Mr. Andrew  Ashton', 'title': 'Senior Vice President of Corporate Finance', 'fiscalYear': 2023, 'exercisedValue': 0, 'unexercisedValue': 0}, {'maxAge': 1, 'name': 'Mr. Fletcher  Previn', 'title': 'Senior VP & Chief Information Officer', 'fiscalYear': 2023, 'exercisedValue': 0, 'unexercisedValue': 0}, {'maxAge': 1, 'name': 'Ms. Marilyn  Mora', 'title': 'Director of Global Investor Relations', 'fiscalYear': 2023, 'exercisedValue': 0, 'unexercisedValue': 0}, {'maxAge': 1, 'name': 'Ms. Maria  Poveromo', 'title': 'Senior VP & Chief Communications Officer', 'fiscalYear': 2023, 'exercisedValue': 0, 'unexercisedValue': 0}]",1.6404717702825724,7.317907497417585,2.6052441027315125,0.9351495463221473,1.0571128717012612,1912826109.8807158,1961620679.5371404,105403.37499674999,1.8863164065619973,46.16760230538903,44.16851834146826,51.66153696313053,50.11645848561968,42.25724752586688,40.99724982394015,49.15039582666741,62.15254324384186,1.6605989062040467,0.030637255046028166,1528834118.0617533,0.45251990616356874,3.598098515139718,0.8900828309148594,14.113842780307523,13.206539036256226,17543679.349266402,18600310.809225786,19031900.16097011,18596166.297337957,21124510.324278627,44.24077900577345,37.01968249237069,2784.654309440571,4242.974230719437,215895748479.2097,47.083702694321694,59.44794663523365,3.4830825589826153,54.738968830636544,52.269366580526,1.7043601625205032,0.028406947469730458,USD,192089801913.92828,0.26343721955156507,3248586259.430777,4655519743.976239,43686245.28906388,43825254.77904238,1800895385.463746,1773264325.933256,0.01406764521597004,0.0006637476542729582,0.8134039514883838,3.279790189096752,0.008446836767709635,3910019986.6420755,12.763857315625543,4.148878839587288,1404887699.4768658,1859227541.0976164,1617652419.201976,0.273969853178286,12633669438.298767,2.890566741566215,4.570990475020134,1.7218160294887694,2:1,696994208.7243155,3.4465386276498484,8.580945178740942,-0.019979798156991507,0.13148557461108937,0.44129411693341825,1709334693.6112857,NMS,EQUITY,CSCO,CSCO,"Cisco Systems, Inc.","Cisco Systems, Inc.",791219316.6040035,America/New_York,EST,85fd1bb0-e226-3a6a-b3e9-b5dc1a4952f1,finmb_19691,-18945922.81008421,49.764985444443305,68.59298329238172,41.873702812996356,54.60291313037391,49.706473025593986,2.372607110935913,hold,12.407138126722632,23129366655.0466,4.991249026130491,16269705481.869848,8607634206.343872,1.0676193080252054,1.2807762893505377,50764097939.13418,25.547511342471108,14.854522623512942,0.12052541199049942,0.4697498485958645,31878253642.12454,13342157471.791912,14753275803.289827,0.36192277746707124,0.06709342963554683,0.5346944565831763,0.3158806761932622,0.25077559211351175,USD,3.6840307782135535,
188020.94758136504,MAYR MELNHOF KARTON ORD,SHARE,Buy,B,2009-07-20 13:57:28,0.949611625537886,63.98516494884816,AT0000938204,Vienne,EUR,56.98747879989863,Trading,CHF_EUR,0.9748780702013988,1.404317273483537,,,,,,,,,,,,,,,,,,,,,,,,,94431.69293132228,,,,,,,,,,,,,,,,,,,,,,,,,,,,,,,,,,,,,,,,,,,,,,,,,,,,,,,,,,,,,,,,,,,,YHD,MUTUALFUND,MMK,MMK,,,1386250895.6604955,America/New_York,EST,00afc644-9b1d-339f-864e-a2ca3e56af77,,-13367280.666578507,,,,,,,,,,,,,,,,,,,,,,,,,,,,,,
186082.0964675591,COMMERZBANK ORD,SHARE,Buy,B,2016-06-26 09:28:35,0.943062463125558,11.29860043377751,DE000CBK1001,Germany,EUR,11.8748630094426,Trading,CHF_EUR,1.1371134573810957,1.1353661324793494,,,,,,,,,,,,,,,,,,,,,,,,,87624.17251824033,,,,,,,,,,,,,,,,,,,,,,,,,,,,,,,,,,,,,,,,,,,,,,,,,,,,,,,,,,,,,,,,,,,,,NONE,CBK,CBK,,,,,,fd3a08fd-ff74-3a73-87a1-db7b12d03474,,,,,,,,,,,,,,,,,,,,,,,,,,,,,,,,
209130.84638754977,CAPGEMINI ORD,SHARE,Sell,S,2016-07-02 13:38:58,9.099132021245678,93.67502584501302,FR0000125338,Euronext Paris,EUR,753.3449454171814,Trading,CHF_EUR,0.9878874138309196,1.1842896312394358,,,,,,,,,,,,,,,,,,,,,,,,,87894.51882275056,,,,,,,,,,,,,,,,,,,,,,,,,,,,,,,,,,,,,,,,,,,,,,,,,,,,,,,,,,,,,,,,,,,,,NONE,CAP,CAP,,,,,,db5ce5cb-1b12-3dac-ae45-84e881e1451f,finmb_599084614,,,,,,,,,,,,,,,,,,,,,,,,,,,,,,,
218182.1304057033,COMMERZBANK ORD,SHARE,Buy,B,2016-09-11 09:28:35,0.9688227781679358,11.2504734823447,DE000CBK1001,Germany,EUR,12.374933744761083,Trading,CHF_EUR,0.9544771436696412,1.1534011935293156,,,,,,,,,,,,,,,,,,,,,,,,,93305.23650610655,,,,,,,,,,,,,,,,,,,,,,,,,,,,,,,,,,,,,,,,,,,,,,,,,,,,,,,,,,,,,,,,,,,,,NONE,CBK,CBK,,,,,,fd3a08fd-ff74-3a73-87a1-db7b12d03474,,,,,,,,,,,,,,,,,,,,,,,,,,,,,,,,
209415.0004167581,CISCO SYSTEMS ORD,SHARE,Sell,S,2002-05-29 18:44:07,4.525592215036427,14.1626639148223,US17275R1023,NASDAQ New York,USD,57.46373833630427,Trading,CHF_USD,1.0654424244856338,0.8723956067022194,170 West Tasman Drive,San Jose,CA,95134-1706,United States,(408) 526-4000,(408) 853-3683,https://www.cisco.com,Communication Equipment,communication-equipment,Communication Equipment,Technology,technology,Technology,"Cisco Systems, Inc. designs, manufactures, and sells Internet Protocol based networking and other products related to the communications and information technology industry in the Americas, Europe, the Middle East, Africa, the Asia Pacific, Japan, and China. The company also offers switching portfolio encompasses campus switching as well as data center switching; enterprise routing portfolio interconnects public and private wireline and mobile networks, delivering highly secure, and reliable connectivity to campus, data center and branch networks; wireless products include wireless access points and controllers; and compute portfolio including the cisco unified computing system, hyperflex, and software management capabilities, which combine computing, networking, and storage infrastructure management and virtualization. In addition, it provides Internet for the future product consists of routed optical networking, 5G, silicon, and optics solutions; collaboration products, such as meetings, collaboration devices, calling, contact center, and communication platform as a service; end-to-end security product consists of network security, cloud security, security endpoints, unified threat management, and zero trust; and optimized application experiences products including full stack observability and network assurance. Further, the company offers a range of service and support options for its customers, including technical support and advanced services and advisory services. It serves businesses of various sizes, public institutions, governments, and service providers. The company sells its products and services directly, as well as through systems integrators, service providers, other resellers, and distributors. Cisco Systems, Inc. has strategic alliances with other companies. Cisco Systems, Inc. was incorporated in 1984 and is headquartered in San Jose, California.",83162.0314377562,"[{'maxAge': 1, 'name': 'Mr. Charles H. Robbins', 'age': 56, 'title': 'Chairman & CEO', 'yearBorn': 1966, 'fiscalYear': 2023, 'totalPay': 7734729, 'exercisedValue': 0, 'unexercisedValue': 0}, {'maxAge': 1, 'name': 'Mr. Richard Scott Herren', 'age': 60, 'title': 'Executive VP & CFO', 'yearBorn': 1962, 'fiscalYear': 2023, 'totalPay': 3347153, 'exercisedValue': 0, 'unexercisedValue': 0}, {'maxAge': 1, 'name': 'Ms. Maria N. Martinez', 'age': 64, 'title': 'Executive VP & COO', 'yearBorn': 1958, 'fiscalYear': 2023, 'totalPay': 3294677, 'exercisedValue': 0, 'unexercisedValue': 0}, {'maxAge': 1, 'name': 'Ms. Deborah L. Stahlkopf', 'age': 52, 'title': 'Executive VP, Chief Legal Officer & Chief Compliance Officer', 'yearBorn': 1970, 'fiscalYear': 2023, 'totalPay': 2679239, 'exercisedValue': 0, 'unexercisedValue': 0}, {'maxAge': 1, 'name': 'Mr. Jeffery S. Sharritts', 'age': 53, 'title': 'Executive VP and Chief Customer & Partner Officer', 'yearBorn': 1969, 'fiscalYear': 2023, 'totalPay': 3035045, 'exercisedValue': 0, 'unexercisedValue': 0}, {'maxAge': 1, 'name': 'Ms. M. Victoria Wong', 'age': 55, 'title': 'Senior VP & Chief Accounting Officer', 'yearBorn': 1967, 'fiscalYear': 2023, 'exercisedValue': 0, 'unexercisedValue': 0}, {'maxAge': 1, 'name': 'Mr. Andrew  Ashton', 'title': 'Senior Vice President of Corporate Finance', 'fiscalYear': 2023, 'exercisedValue': 0, 'unexercisedValue': 0}, {'maxAge': 1, 'name': 'Mr. Fletcher  Previn', 'title': 'Senior VP & Chief Information Officer', 'fiscalYear': 2023, 'exercisedValue': 0, 'unexercisedValue': 0}, {'maxAge': 1, 'name': 'Ms. Marilyn  Mora', 'title': 'Director of Global Investor Relations', 'fiscalYear': 2023, 'exercisedValue': 0, 'unexercisedValue': 0}, {'maxAge': 1, 'name': 'Ms. Maria  Poveromo', 'title': 'Senior VP & Chief Communications Officer', 'fiscalYear': 2023, 'exercisedValue': 0, 'unexercisedValue': 0}]",1.8782233345418755,6.027394022460625,2.7076717420485505,0.8450735900596296,1.02647973741992,1566132029.8173635,1909205304.623829,104906.54667115945,1.59894396730951,39.765313302020886,51.19689415703625,53.89296834595837,41.697300038565395,42.38656902618873,54.14051588386055,39.12410045500641,54.46837229484566,1.4625018472917939,0.03325778574967008,1941004345.7007594,0.6181549745797393,2.858435205271203,0.9319632712277658,14.66279018151453,13.73130833561453,17453343.1130683,17416709.752284307,18908662.39378107,21627029.23227077,21031560.21062482,44.49754535794115,49.310910876912025,2391.907685273114,3336.838714675675,172670227388.68066,38.580463035188004,69.09226254948574,4.160132740859957,46.75785829853726,41.30912039381804,1.706521766339031,0.029604078844908878,USD,208563070446.06528,0.31896334785440694,3481025723.5040545,4680503680.550979,46178296.94735496,44407525.82761374,1630970385.8853858,1419518296.885277,0.012477712167741153,0.000837110644869144,0.7324145148350412,2.8970977834346634,0.009043262482667666,3530201940.155955,16.087903836108037,3.4346151780504672,1742295855.2766488,1861235263.851258,1659032639.873668,0.34709477630984575,14089399424.164038,3.3754809955789837,4.760922944378321,1.3837468470005407,2:1,800174223.4780487,3.6180031948237117,10.54139915035678,-0.019247002039328158,0.13918662257733688,0.4302366102667465,1730262156.8142817,NMS,EQUITY,CSCO,CSCO,"Cisco Systems, Inc.","Cisco Systems, Inc.",785028418.96568,America/New_York,EST,85fd1bb0-e226-3a6a-b3e9-b5dc1a4952f1,finmb_19691,-20226213.94740044,40.59324495119586,61.70811220457172,43.62050138391651,41.26567272198504,48.62027982125529,2.450519502426773,hold,14.355818340248996,27968627201.282463,4.693206689379651,16514176050.523977,7764611029.886919,1.2048909680604323,1.3208859080790445,53680538671.874466,25.72461000327245,13.919500728492153,0.12518156861580693,0.3508795723715039,30401026646.848156,18806411589.422188,17520728657.96107,0.37321507796134645,0.07339395040963372,0.6704654440338869,0.3338994551341117,0.2909191374444883,USD,2.9888515076318276,
195328.062498816,BNP PARIBAS ACT.A ORD,SHARE,Buy,B,2004-02-21 15:46:44,10.238021866589028,44.24751924111696,FR0000131104,Euronext Paris,EUR,389.83533665150986,Trading,CHF_EUR,0.9721291034785146,1.0110123822385575,,,,,,,,,,,,,,,,,,,,,,,,,95014.73759198123,,,,,,,,,,,,,,,,,,,,,,,,,,,,,,,,,,,,,,,,,,,,,,,,,,,,,,,,,,,,,,,,,,,,YHD,MUTUALFUND,BNP,BNP,14831,,860863906.8077984,America/New_York,EST,9db3753c-90d6-38a4-9c0d-a47853e39654,,-20022015.428818334,,,,,,,,,,,,,,,,,,,,,,,,,,,,,,
